{
	"textures": {
		"0": "block/portal/51",
		"particle": "block/portal/51"
	},
	"elements": [
		{
			"from": [13.1, 0, -8],
			"to": [16.1, 32, 24],
			"rotation": {"angle": 0, "axis": "y", "origin": [8, 16, 8]},
			"faces": {
				"north": {"uv": [4.10134, 1.71684, 11.87481, 3.00447], "rotation": 180, "texture": "#0"},
				"east": {"uv": [15.97615, 0, 0, 15.95231], "texture": "#0"},
				"south": {"uv": [4.10134, 1.71684, 11.87481, 3.00447], "rotation": 180, "texture": "#0"},
				"up": {"uv": [4.10134, 1.71684, 11.87481, 3.00447], "rotation": 270, "texture": "#0"},
				"down": {"uv": [4.10134, 1.71684, 11.87481, 3.00447], "rotation": 90, "texture": "#0"}
			}
		},
		{
			"from": [-0.1, 0, -8],
			"to": [2.9, 32, 24],
			"rotation": {"angle": 0, "axis": "y", "origin": [8, 16, 8]},
			"faces": {
				"north": {"uv": [11.87481, 1.71684, 4.10134, 3.00447], "rotation": 180, "texture": "#0"},
				"south": {"uv": [11.87481, 1.71684, 4.10134, 3.00447], "rotation": 180, "texture": "#0"},
				"west": {"uv": [0, 0, 15.97615, 15.95231], "texture": "#0"},
				"up": {"uv": [4.10134, 3.00447, 11.87481, 1.71684], "rotation": 270, "texture": "#0"},
				"down": {"uv": [4.10134, 3.00447, 11.87481, 1.71684], "rotation": 90, "texture": "#0"}
			}
		}
	],
	"display": {
		"firstperson_righthand": {
			"translation": [0.5, 0, 0],
			"scale": [0.24219, 0.25, 0.16016]
		},
		"gui": {
			"translation": [0, -3, 0],
			"scale": [0.42578, 0.41211, 1]
		}
	}
}