{
	"texture_size": [32, 32],
	"textures": {
		"0": "block/portal/pillar_truss_01c",
		"particle": "block/portal/pillar_truss_01c"
	},
	"elements": [
		{
			"from": [-11.0154, 0.14691, 4.94097],
			"to": [-9.31208, 8.87889, 5.21664],
			"rotation": {"angle": 0, "axis": "y", "origin": [-11.0154, 1.20415, -2.4675]},
			"faces": {
				"north": {"uv": [0.79688, 2.84375, 0.9668, 3.71484], "rotation": 180, "texture": "#0"},
				"east": {"uv": [0.79688, 2.84375, 1.66797, 2.875], "rotation": 270, "texture": "#0"},
				"south": {"uv": [0.79688, 2.84375, 0.9668, 3.71484], "texture": "#0"},
				"west": {"uv": [0.79688, 2.84375, 1.66797, 2.875], "rotation": 90, "texture": "#0"},
				"up": {"uv": [0.79688, 2.84375, 0.9668, 2.875], "rotation": 180, "texture": "#0"},
				"down": {"uv": [0.79688, 2.84375, 0.9668, 2.875], "texture": "#0"}
			}
		},
		{
			"from": [-11.0154, 0.14691, 9.62726],
			"to": [-9.31208, 8.87889, 9.90293],
			"rotation": {"angle": 0, "axis": "y", "origin": [36.38499, 5.89228, 9.64659]},
			"faces": {
				"north": {"uv": [1.13672, 2.84375, 1.30664, 3.71484], "texture": "#0"},
				"east": {"uv": [0.79688, 2.90625, 1.66797, 2.9375], "rotation": 270, "texture": "#0"},
				"south": {"uv": [1.13672, 2.84375, 1.30664, 3.71484], "rotation": 180, "texture": "#0"},
				"west": {"uv": [0.79688, 2.90625, 1.66797, 2.9375], "rotation": 90, "texture": "#0"},
				"up": {"uv": [1.47656, 2.90625, 1.64648, 2.9375], "rotation": 180, "texture": "#0"},
				"down": {"uv": [1.47656, 2.90625, 1.64648, 2.9375], "texture": "#0"}
			}
		},
		{
			"from": [-15.36279, 2.22883, 9.39755],
			"to": [3.14282, 2.70084, 9.58707],
			"rotation": {"angle": 22.5, "axis": "z", "origin": [-8.66297, 13.9563, 1.99414]},
			"faces": {
				"north": {"uv": [0.84396, 2.84375, 0.79688, 4.68985], "rotation": 270, "texture": "#0"},
				"east": {"uv": [0.84396, 2.84375, 0.79688, 2.86523], "rotation": 270, "texture": "#0"},
				"south": {"uv": [0.84396, 2.84375, 0.79688, 4.68985], "rotation": 270, "texture": "#0"},
				"west": {"uv": [0.84396, 2.84375, 0.79688, 2.86523], "rotation": 90, "texture": "#0"},
				"up": {"uv": [0.79688, 2.86523, 2.64298, 2.84375], "texture": "#0"},
				"down": {"uv": [0.79688, 2.86523, 2.64298, 2.84375], "rotation": 180, "texture": "#0"}
			}
		},
		{
			"from": [10.01389, 2.22883, 9.39755],
			"to": [29.07743, 2.69871, 9.58707],
			"rotation": {"angle": -22.5, "axis": "z", "origin": [22.1271, 13.9563, 1.99414]},
			"faces": {
				"north": {"uv": [0.84375, 6.30859, 0.79688, 8.17969], "rotation": 270, "texture": "#0"},
				"east": {"uv": [0.84375, 2.94922, 0.79688, 2.9707], "rotation": 90, "texture": "#0"},
				"south": {"uv": [0.84375, 6.30859, 0.79688, 8.17969], "rotation": 270, "texture": "#0"},
				"west": {"uv": [0.84375, 2.94922, 0.79688, 2.9707], "rotation": 270, "texture": "#0"},
				"up": {"uv": [4.26172, 2.86523, 6.13281, 2.84375], "texture": "#0"},
				"down": {"uv": [4.26172, 2.86523, 6.13281, 2.84375], "rotation": 180, "texture": "#0"}
			}
		},
		{
			"from": [10.32131, 5.58803, 5.22105],
			"to": [29.07743, 6.05791, 5.41057],
			"rotation": {"angle": 22.5, "axis": "z", "origin": [22.1271, -5.66956, -2.00232]},
			"faces": {
				"north": {"uv": [0.79688, 6.30859, 0.84375, 8.17969], "rotation": 270, "texture": "#0"},
				"east": {"uv": [0.79688, 2.94922, 0.84375, 2.9707], "rotation": 90, "texture": "#0"},
				"south": {"uv": [0.79688, 6.30859, 0.84375, 8.17969], "rotation": 270, "texture": "#0"},
				"west": {"uv": [0.79688, 2.94922, 0.84375, 2.9707], "rotation": 270, "texture": "#0"},
				"up": {"uv": [4.26172, 2.84375, 6.13281, 2.86523], "rotation": 180, "texture": "#0"},
				"down": {"uv": [4.26172, 2.84375, 6.13281, 2.86523], "texture": "#0"}
			}
		},
		{
			"from": [-15.36279, 5.58589, 5.22105],
			"to": [3.14282, 6.05791, 5.41057],
			"rotation": {"angle": -22.5, "axis": "z", "origin": [-8.66297, -5.66956, -2.00232]},
			"faces": {
				"north": {"uv": [0.79688, 2.84375, 0.84396, 4.68985], "rotation": 270, "texture": "#0"},
				"east": {"uv": [0.79688, 2.84375, 0.84396, 2.86523], "rotation": 270, "texture": "#0"},
				"south": {"uv": [0.79688, 2.84375, 0.84396, 4.68985], "rotation": 270, "texture": "#0"},
				"west": {"uv": [0.79688, 2.84375, 0.84396, 2.86523], "rotation": 90, "texture": "#0"},
				"up": {"uv": [0.79688, 2.84375, 2.64298, 2.86523], "rotation": 180, "texture": "#0"},
				"down": {"uv": [0.79688, 2.84375, 2.64298, 2.86523], "texture": "#0"}
			}
		},
		{
			"from": [23.99081, 0.14691, 9.62726],
			"to": [25.69413, 8.87889, 9.90293],
			"rotation": {"angle": 0, "axis": "y", "origin": [71.3912, 5.89228, 9.64659]},
			"faces": {
				"north": {"uv": [1.13672, 2.84375, 1.30664, 3.71484], "texture": "#0"},
				"east": {"uv": [0.79688, 2.90625, 1.66797, 2.9375], "rotation": 270, "texture": "#0"},
				"south": {"uv": [1.13672, 2.84375, 1.30664, 3.71484], "rotation": 180, "texture": "#0"},
				"west": {"uv": [0.79688, 2.90625, 1.66797, 2.9375], "rotation": 90, "texture": "#0"},
				"up": {"uv": [1.47656, 2.90625, 1.64648, 2.9375], "rotation": 180, "texture": "#0"},
				"down": {"uv": [1.47656, 2.90625, 1.64648, 2.9375], "texture": "#0"}
			}
		},
		{
			"from": [23.99081, 0.14691, 4.94097],
			"to": [25.69413, 8.87889, 5.21664],
			"rotation": {"angle": 0, "axis": "y", "origin": [23.99081, 1.20415, -2.4675]},
			"faces": {
				"north": {"uv": [0.79688, 2.84375, 0.9668, 3.71484], "rotation": 180, "texture": "#0"},
				"east": {"uv": [0.79688, 2.84375, 1.66797, 2.875], "rotation": 270, "texture": "#0"},
				"south": {"uv": [0.79688, 2.84375, 0.9668, 3.71484], "texture": "#0"},
				"west": {"uv": [0.79688, 2.84375, 1.66797, 2.875], "rotation": 90, "texture": "#0"},
				"up": {"uv": [0.79688, 2.84375, 0.9668, 2.875], "rotation": 180, "texture": "#0"},
				"down": {"uv": [0.79688, 2.84375, 0.9668, 2.875], "texture": "#0"}
			}
		},
		{
			"from": [-11.0154, 0.14691, 5.21664],
			"to": [25.69413, 1.29037, 9.62726],
			"rotation": {"angle": 0, "axis": "y", "origin": [23.9908, 49.15088, 5.21664]},
			"faces": {
				"north": {"uv": [7.00586, 2.15625, 3.0625, 2.31836], "texture": "#0"},
				"east": {"uv": [0.79688, 2.89648, 1.29688, 2.84375], "texture": "#0"},
				"south": {"uv": [7.47461, 2.65625, 3.53125, 2.81836], "texture": "#0"},
				"west": {"uv": [0.79688, 2.89648, 1.29688, 2.84375], "texture": "#0"},
				"up": {"uv": [0.89063, 12.82813, 14.61523, 10.75], "texture": "#0"},
				"down": {"uv": [0.75, 7.57813, 14.47461, 5.5], "texture": "#0"}
			}
		},
		{
			"from": [-11.0154, 7.73543, 5.21664],
			"to": [25.69413, 8.87889, 9.62726],
			"rotation": {"angle": 0, "axis": "y", "origin": [23.99081, 0.14691, 5.21664]},
			"faces": {
				"north": {"uv": [4.55273, 2.67773, 0.60938, 2.51563], "texture": "#0"},
				"east": {"uv": [0.79688, 2.84375, 1.29688, 2.89648], "texture": "#0"},
				"south": {"uv": [4.55273, 2.67773, 0.60938, 2.51563], "texture": "#0"},
				"west": {"uv": [0.79688, 2.84375, 1.29688, 2.89648], "texture": "#0"},
				"up": {"uv": [0.84375, 6.17188, 14.56836, 8.25], "texture": "#0"},
				"down": {"uv": [1.03125, 8.95313, 14.75586, 11.03125], "texture": "#0"}
			}
		}
	],
	"display": {
		"thirdperson_righthand": {
			"rotation": [75, 45, 0],
			"translation": [0, 2.5, 0],
			"scale": [0.375, 0.375, 0.375]
		},
		"thirdperson_lefthand": {
			"rotation": [75, 45, 0],
			"translation": [0, 2.5, 0],
			"scale": [0.375, 0.375, 0.375]
		},
		"firstperson_righthand": {
			"rotation": [0, 81.5, 0],
			"translation": [0, 5.5, 0],
			"scale": [0.4, 0.4, 0.4]
		},
		"firstperson_lefthand": {
			"rotation": [0, 81.5, 0],
			"translation": [0, 5.5, 0],
			"scale": [0.4, 0.4, 0.4]
		},
		"ground": {
			"translation": [0, 3, 0],
			"scale": [0.4, 0.4, 0.4]
		},
		"gui": {
			"rotation": [30, 225, 0],
			"scale": [0.625, 0.625, 0.625]
		},
		"head": {
			"rotation": [0, 90, 0],
			"translation": [0, 9.5, 0],
			"scale": [2, 2, 2]
		},
		"fixed": {
			"rotation": [0, 90, 0],
			"translation": [1.75, 13, -1.3],
			"scale": [1.75, 3.66, 3]
		}
	},