{
	"textures": {
		"2": "block/13d926ad1d207e4a",
		"particle": "block/portal/48"
	},
	"elements": [
		{
			"from": [6.49913, 14.45799, -13.24694],
			"to": [14.49913, 30.45799, 29.35306],
			"rotation": {"angle": 22.5, "axis": "z", "origin": [6.0025, 8, 8.05556]},
			"faces": {
				"east": {"uv": [0, 3.625, 16, 0], "texture": "#2"}
			}
		},
		{
			"from": [3.38099, -1.21793, -13.24694],
			"to": [11.38099, 17.21793, 29.36306],
			"rotation": {"angle": 0, "axis": "y", "origin": [6.0025, 8, 8.05556]},
			"faces": {
				"east": {"uv": [0, 3.625, 16, 0], "texture": "#2"}
			}
		},
		{
			"from": [6.49913, -14.45799, -13.24694],
			"to": [14.49913, 1.54201, 29.35306],
			"rotation": {"angle": -22.5, "axis": "z", "origin": [6.0025, 8, 8.05556]},
			"faces": {
				"east": {"uv": [0, 3.625, 16, 0], "texture": "#2"}
			}
		}
	],
	"display": {
		"firstperson_righthand": {
			"rotation": [-180, 69.5, -180],
			"translation": [1, 0, -1.5],
			"scale": [0.17578, 0.22266, 0.51367]
		},
		"firstperson_lefthand": {
			"rotation": [-180, 69.5, -180],
			"translation": [1, 0, -1.5],
			"scale": [0.17578, 0.22266, 0.51367]
		},
		"ground": {
			"scale": [0.2, 0.2, 0.2]
		},
		"gui": {
			"rotation": [0, -180, 0],
			"scale": [0.38086, 0.33203, 1]
		}
	}
}