{
	"credit": "Made with Blockbench",
	"texture_size": [256, 512],
	"textures": {
		"5": "block/portal/elevator/elevator_collar",
		"particle": "block/portal/elevator/elevator_collar"
	},
	"elements": [
		{
			"from": [-4, 0, 0],
			"to": [2.4, 2, 16],
			"faces": {
				"north": {"uv": [1.5, 0.1875, 1.07813, 0.92188], "rotation": 90, "texture": "#5"},
				"east": {"uv": [6.70313, 0, 9.4875, 12.39063], "rotation": 90, "texture": "#5"},
				"south": {"uv": [1.5, 0.0625, 1.07813, 0.92188], "rotation": 90, "texture": "#5"},
				"west": {"uv": [6.70313, 0, 10.3625, 12.39063], "rotation": 90, "texture": "#5"},
				"up": {"uv": [1.5, 0, 1.07813, 2.45313], "rotation": 90, "texture": "#5"},
				"down": {"uv": [1.5, 0, 1.07813, 2.45313], "rotation": 90, "texture": "#5"}
			}
		},
		{
			"from": [-3, 2, 0],
			"to": [2.4, 3, 16],
			"faces": {
				"north": {"uv": [1.5, 0.1875, 1.125, 0.45313], "texture": "#5"},
				"east": {"uv": [5.20313, 0, 6.8625, 12.39063], "rotation": 90, "texture": "#5"},
				"south": {"uv": [1.5, 0.1875, 1.125, 0.45313], "texture": "#5"},
				"west": {"uv": [1.5, 0, 1.125, 2.45313], "texture": "#5"},
				"up": {"uv": [4.3625, 12.39063, 0, 0], "texture": "#5"},
				"down": {"uv": [1.5, 0, 1.125, 2.45313], "texture": "#5"}
			}
		},
		{
			"from": [-2.17157, 0.41421, 0.001],
			"to": [-1.17157, 1.83421, 16.001],
			"rotation": {"angle": -45, "axis": "z", "origin": [-1.17157, 3.41421, 8]},
			"faces": {
				"north": {"uv": [1.5, 0.25, 1.17188, 0.47656], "texture": "#5"},
				"east": {"uv": [1.5, 0, 1.17188, 2.45313], "rotation": 90, "texture": "#5"},
				"south": {"uv": [1.5, 0.25, 1.17188, 0.47656], "texture": "#5"},
				"west": {"uv": [4.20313, 0, 6.7375, 12.39063], "rotation": 90, "texture": "#5"},
				"up": {"uv": [1.5, 0, 1.17188, 2.45313], "rotation": 90, "texture": "#5"},
				"down": {"uv": [1.5, 0, 1.17188, 2.45313], "rotation": 90, "texture": "#5"}
			}
		}
	],
	"display": {
		"firstperson_righthand": {
			"translation": [7.75, 1.25, 0],
			"scale": [1, 0.49219, 0.49219]
		},
		"head": {
			"rotation": [0, -90, 0],
			"translation": [0, -30.5, 0],
			"scale": [1.6, 1.6, 1.6]
		},
		"fixed": {
			"rotation": [90, 0, 0],
			"translation": [0, 0, 13.5],
			"scale": [2, 2, 2]
		}
	}
}