{
	"textures": {
		"0": "block/portal/window_frame_tc",
		"particle": "block/portal/window_frame_tc"
	},
	"elements": [
		{
			"from": [14.81666, -15, 6.5],
			"to": [15.96666, 31.4, 9.5],
			"rotation": {"angle": 0, "axis": "y", "origin": [15.49999, 8.5, 7.5]},
			"faces": {
				"north": {"uv": [6.625, 0.25, 7, 15.1875], "rotation": 180, "texture": "#0"},
				"east": {"uv": [6, 0.25, 6.6875, 15.1875], "rotation": 180, "texture": "#0"},
				"south": {"uv": [6.625, 0.25, 7.3125, 15.1875], "rotation": 180, "texture": "#0"},
				"west": {"uv": [4.75, 0.25, 5.875, 16], "rotation": 180, "texture": "#0"},
				"up": {"uv": [3.25, 0, 1.5, 0.5], "rotation": 90, "texture": "#0"},
				"down": {"uv": [3.25, 0, 1.5, 0.5], "rotation": 90, "texture": "#0"}
			}
		},
		{
			"from": [0.00001, -16, 4.5],
			"to": [0.63334, 32, 11.5],
			"rotation": {"angle": 0, "axis": "y", "origin": [0.50001, 8.5, 6.5]},
			"faces": {
				"north": {"uv": [7, 0.25, 6.625, 15.1875], "rotation": 180, "texture": "#0"},
				"east": {"uv": [7.8125, 0.25, 4.75, 16], "rotation": 180, "texture": "#0"},
				"south": {"uv": [7.3125, 0.25, 6.625, 15.1875], "rotation": 180, "texture": "#0"},
				"west": {"uv": [7.375, 0.25, 5.5625, 15.1875], "rotation": 180, "texture": "#0"},
				"up": {"uv": [2.25, 2.3125, 0.5, 1.8125], "rotation": 90, "texture": "#0"},
				"down": {"uv": [3.25, 0.5, 1.5, 0], "rotation": 90, "texture": "#0"}
			}
		},
		{
			"from": [0.63334, -16, 4.5],
			"to": [15.36666, -15.4, 11.5],
			"rotation": {"angle": 0, "axis": "z", "origin": [8, -15.5, 8]},
			"faces": {
				"north": {"uv": [7, 15.1875, 6.625, 0.25], "rotation": 270, "texture": "#0"},
				"east": {"uv": [1.5, 0.5, 3.25, 0], "texture": "#0"},
				"south": {"uv": [7.3125, 15.1875, 6.625, 0.25], "rotation": 90, "texture": "#0"},
				"west": {"uv": [1.5, 0.5, 3.25, 0], "texture": "#0"},
				"up": {"uv": [7.8125, 16, 4.75, 7.625], "rotation": 90, "texture": "#0"},
				"down": {"uv": [5.125, 9.75, 7.25, 15.1875], "rotation": 90, "texture": "#0"}
			}
		},
		{
			"from": [15.36666, -16, 4.5],
			"to": [15.99999, 32, 11.5],
			"rotation": {"angle": 0, "axis": "y", "origin": [15.49999, 7.5, 6.5]},
			"faces": {
				"north": {"uv": [6.625, 15.1875, 7, 0.25], "rotation": 180, "texture": "#0"},
				"east": {"uv": [5.25, 15.1875, 7.1875, 0.25], "rotation": 180, "texture": "#0"},
				"south": {"uv": [6.625, 15.1875, 7.3125, 0.25], "rotation": 180, "texture": "#0"},
				"west": {"uv": [4.75, 16, 7.8125, 0.25], "rotation": 180, "texture": "#0"},
				"up": {"uv": [0.375, 1.6875, 2.125, 2.1875], "rotation": 90, "texture": "#0"},
				"down": {"uv": [1.5, 0, 3.25, 0.5], "rotation": 90, "texture": "#0"}
			}
		},
		{
			"from": [1.18334, -15.6, 6.5],
			"to": [14.83332, -14.8, 9.5],
			"rotation": {"angle": 0, "axis": "z", "origin": [8, 7.6, 8]},
			"faces": {
				"north": {"uv": [5.75, 0.1875, 6.75, 15.125], "rotation": 90, "texture": "#0"},
				"east": {"uv": [3.25, 0, 1.5, 0.5], "rotation": 180, "texture": "#0"},
				"south": {"uv": [5.5625, 0.25, 6.75, 15.1875], "rotation": 270, "texture": "#0"},
				"west": {"uv": [3.25, 0, 1.5, 0.5], "rotation": 180, "texture": "#0"},
				"up": {"uv": [4.75, 0.25, 7.25, 16], "rotation": 90, "texture": "#0"},
				"down": {"uv": [6, 0.25, 6.6875, 15.1875], "rotation": 270, "texture": "#0"}
			}
		},
		{
			"from": [0.06668, -16, 6.5],
			"to": [1.18334, 31.4, 9.5],
			"rotation": {"angle": 0, "axis": "z", "origin": [0.50001, 7.5, 7.5]},
			"faces": {
				"north": {"uv": [6.625, 0.25, 7, 15.1875], "texture": "#0"},
				"east": {"uv": [5.5625, 0.25, 6.6875, 16], "rotation": 180, "texture": "#0"},
				"south": {"uv": [6.625, 0.25, 7.3125, 15.1875], "texture": "#0"},
				"west": {"uv": [6, 0.25, 6.6875, 15.1875], "texture": "#0"},
				"up": {"uv": [3.25, 0, 1.5, 0.5], "rotation": 270, "texture": "#0"},
				"down": {"uv": [3.25, 0, 1.5, 0.5], "rotation": 270, "texture": "#0"}
			}
		},
		{
			"from": [0.63334, 21.6, 4.7],
			"to": [0.95001, 22.3, 11.3],
			"rotation": {"angle": 0, "axis": "y", "origin": [0.83334, 21.95, 5.5]},
			"faces": {
				"north": {"uv": [7.375, 8.25, 6.5, 8.9375], "rotation": 90, "texture": "#0"},
				"east": {"uv": [5.125, 9.625, 7.375, 9.3125], "rotation": 180, "texture": "#0"},
				"south": {"uv": [7.375, 8.25, 6.5, 8.9375], "rotation": 90, "texture": "#0"},
				"up": {"uv": [7.375, 9.3125, 5.125, 9.625], "rotation": 90, "texture": "#0"},
				"down": {"uv": [7.375, 9.3125, 5.125, 9.625], "rotation": 90, "texture": "#0"}
			}
		},
		{
			"from": [0.63334, 12.6, 4.7],
			"to": [0.95001, 13.3, 11.3],
			"rotation": {"angle": 0, "axis": "y", "origin": [0.83334, 12.95, 5.5]},
			"faces": {
				"north": {"uv": [7.375, 8.25, 6.5, 8.9375], "rotation": 90, "texture": "#0"},
				"east": {"uv": [5.125, 9.625, 7.375, 9.3125], "rotation": 180, "texture": "#0"},
				"south": {"uv": [7.375, 8.25, 6.5, 8.9375], "rotation": 90, "texture": "#0"},
				"up": {"uv": [7.375, 9.3125, 5.125, 9.625], "rotation": 90, "texture": "#0"},
				"down": {"uv": [7.375, 9.3125, 5.125, 9.625], "rotation": 90, "texture": "#0"}
			}
		},
		{
			"from": [0.63334, 3.6, 4.7],
			"to": [0.95001, 4.3, 11.3],
			"rotation": {"angle": 0, "axis": "y", "origin": [0.83334, 3.95, 5.5]},
			"faces": {
				"north": {"uv": [7.375, 8.25, 6.5, 8.9375], "rotation": 90, "texture": "#0"},
				"east": {"uv": [5.125, 9.625, 7.375, 9.3125], "rotation": 180, "texture": "#0"},
				"south": {"uv": [7.375, 8.25, 6.5, 8.9375], "rotation": 90, "texture": "#0"},
				"up": {"uv": [7.375, 9.3125, 5.125, 9.625], "rotation": 90, "texture": "#0"},
				"down": {"uv": [7.375, 9.3125, 5.125, 9.625], "rotation": 90, "texture": "#0"}
			}
		},
		{
			"from": [0.63334, -5.4, 4.7],
			"to": [0.95001, -4.7, 11.3],
			"rotation": {"angle": 0, "axis": "y", "origin": [0.83334, -5.05, 5.5]},
			"faces": {
				"north": {"uv": [7.375, 8.25, 6.5, 8.9375], "rotation": 90, "texture": "#0"},
				"east": {"uv": [5.125, 9.625, 7.375, 9.3125], "rotation": 180, "texture": "#0"},
				"south": {"uv": [7.375, 8.25, 6.5, 8.9375], "rotation": 90, "texture": "#0"},
				"up": {"uv": [7.375, 9.3125, 5.125, 9.625], "rotation": 90, "texture": "#0"},
				"down": {"uv": [7.375, 9.3125, 5.125, 9.625], "rotation": 90, "texture": "#0"}
			}
		},
		{
			"from": [15.04999, 3.6, 4.7],
			"to": [15.36666, 4.3, 11.3],
			"rotation": {"angle": 0, "axis": "y", "origin": [15.16666, 3.95, 5.5]},
			"faces": {
				"north": {"uv": [7.375, 8.9375, 6.5, 8.25], "rotation": 90, "texture": "#0"},
				"south": {"uv": [7.375, 8.9375, 6.5, 8.25], "rotation": 90, "texture": "#0"},
				"west": {"uv": [7.375, 9.625, 5.125, 9.3125], "rotation": 180, "texture": "#0"},
				"up": {"uv": [7.375, 9.625, 5.125, 9.3125], "rotation": 90, "texture": "#0"},
				"down": {"uv": [7.375, 9.625, 5.125, 9.3125], "rotation": 90, "texture": "#0"}
			}
		},
		{
			"from": [15.04999, -5.4, 4.7],
			"to": [15.36666, -4.7, 11.3],
			"rotation": {"angle": 0, "axis": "y", "origin": [15.16666, -5.05, 5.5]},
			"faces": {
				"north": {"uv": [7.375, 8.9375, 6.5, 8.25], "rotation": 90, "texture": "#0"},
				"south": {"uv": [7.375, 8.9375, 6.5, 8.25], "rotation": 90, "texture": "#0"},
				"west": {"uv": [7.375, 9.625, 5.125, 9.3125], "rotation": 180, "texture": "#0"},
				"up": {"uv": [7.375, 9.625, 5.125, 9.3125], "rotation": 90, "texture": "#0"},
				"down": {"uv": [7.375, 9.625, 5.125, 9.3125], "rotation": 90, "texture": "#0"}
			}
		},
		{
			"from": [15.04999, 12.6, 4.7],
			"to": [15.36666, 13.3, 11.3],
			"rotation": {"angle": 0, "axis": "y", "origin": [15.16666, 12.95, 5.5]},
			"faces": {
				"north": {"uv": [7.375, 8.9375, 6.5, 8.25], "rotation": 90, "texture": "#0"},
				"south": {"uv": [7.375, 8.9375, 6.5, 8.25], "rotation": 90, "texture": "#0"},
				"west": {"uv": [7.375, 9.625, 5.125, 9.3125], "rotation": 180, "texture": "#0"},
				"up": {"uv": [7.375, 9.625, 5.125, 9.3125], "rotation": 90, "texture": "#0"},
				"down": {"uv": [7.375, 9.625, 5.125, 9.3125], "rotation": 90,