{
	"textures": {
		"0": "block/portal/wall_dest01",
		"particle": "block/portal/wall_dest01"
	},
	"elements": [
		{
			"from": [4, 0, 0],
			"to": [8, 0.4, 4],
			"rotation": {"angle": -22.5, "axis": "y", "origin": [4, 0, -2]},
			"faces": {
				"north": {"uv": [6.57813, 9.13281, 6.77812, 11.13281], "rotation": 90, "texture": "#0"},
				"east": {"uv": [6.57813, 9.13281, 6.77812, 11.13281], "rotation": 90, "texture": "#0"},
				"south": {"uv": [6.57813, 9.13281, 6.77812, 11.13281], "rotation": 90, "texture": "#0"},
				"west": {"uv": [6.57813, 9.13281, 6.77812, 11.13281], "rotation": 90, "texture": "#0"},
				"up": {"uv": [7.98438, 6, 9.98438, 8], "rotation": 180, "texture": "#0"},
				"down": {"uv": [8.77344, 12.875, 10.77344, 14.875], "texture": "#0"}
			}
		},
		{
			"from": [11.8383, 0, 14.20948],
			"to": [15.8383, 0.2, 18.20948],
			"rotation": {"angle": 22.5, "axis": "y", "origin": [14.18988, 0.2, 15.20948]},
			"faces": {
				"north": {"uv": [6.57813, 9.13281, 6.77812, 11.13281], "rotation": 90, "texture": "#0"},
				"east": {"uv": [6.57813, 9.13281, 6.77812, 11.13281], "rotation": 90, "texture": "#0"},
				"south": {"uv": [6.57813, 9.13281, 6.77812, 11.13281], "rotation": 90, "texture": "#0"},
				"west": {"uv": [6.57813, 9.13281, 6.77812, 11.13281], "rotation": 90, "texture": "#0"},
				"up": {"uv": [7.98438, 6, 9.98438, 8], "rotation": 90, "texture": "#0"},
				"down": {"uv": [8.77344, 12.875, 10.77344, 14.875], "rotation": 90, "texture": "#0"}
			}
		},
		{
			"from": [7.2275, 0, 2.97574],
			"to": [11.2275, 0.2, 6.97574],
			"rotation": {"angle": 0, "axis": "y", "origin": [9.8603, 0.1, 4.75698]},
			"faces": {
				"north": {"uv": [6.57813, 9.13281, 6.77812, 11.13281], "rotation": 90, "texture": "#0"},
				"east": {"uv": [6.57813, 9.13281, 6.77812, 11.13281], "rotation": 90, "texture": "#0"},
				"south": {"uv": [6.57813, 9.13281, 6.77812, 11.13281], "rotation": 90, "texture": "#0"},
				"west": {"uv": [6.57813, 9.13281, 6.77812, 11.13281], "rotation": 90, "texture": "#0"},
				"up": {"uv": [9.98438, 1.96094, 11.98438, 3.96094], "rotation": 90, "texture": "#0"},
				"down": {"uv": [8.77344, 12.875, 10.77344, 14.875], "texture": "#0"}
			}
		},
		{
			"from": [11.415, 0, 6.13198],
			"to": [15.415, 0.2, 10.13198],
			"rotation": {"angle": 0, "axis": "y", "origin": [9.8603, 0.1, 4.75698]},
			"faces": {
				"north": {"uv": [6.57813, 9.13281, 6.77812, 11.13281], "rotation": 90, "texture": "#0"},
				"east": {"uv": [6.57813, 9.13281, 6.77812, 11.13281], "rotation": 90, "texture": "#0"},
				"south": {"uv": [6.57813, 9.13281, 6.77812, 11.13281], "rotation": 90, "texture": "#0"},
				"west": {"uv": [6.57813, 11.13281, 6.77812, 9.13281], "rotation": 90, "texture": "#0"},
				"up": {"uv": [12.01563, 8, 10.01563, 6], "rotation": 90, "texture": "#0"},
				"down": {"uv": [8.77344, 12.875, 10.77344, 14.875], "texture": "#0"}
			}
		},
		{
			"from": [8.76656, 0, 4.25698],
			"to": [12.76656, 0.1, 8.25698],
			"rotation": {"angle": 0, "axis": "y", "origin": [9.8603, 0.1, 4.75698]},
			"faces": {
				"north": {"uv": [6.57813, 9.13281, 6.77812, 11.13281], "rotation": 90, "texture": "#0"},
				"east": {"uv": [6.57813, 9.13281, 6.77812, 11.13281], "rotation": 90, "texture": "#0"},
				"south": {"uv": [6.57813, 9.13281, 6.77812, 11.13281], "rotation": 90, "texture": "#0"},
				"west": {"uv": [6.57813, 9.13281, 6.77812, 11.13281], "rotation": 90, "texture": "#0"},
				"up": {"uv": [13.98438, 8, 11.98438, 6], "texture": "#0"},
				"down": {"uv": [8.77344, 12.875, 10.77344, 14.875], "texture": "#0"}
			}
		},
		{
			"from": [2.78126, 0, -0.22656],
			"to": [6.78126, 0.3, 3.77344],
			"rotation": {"angle": 22.5, "axis": "y", "origin": [4, 0, -2]},
			"faces": {
				"north": {"uv": [6.57813, 9.13281, 6.77812, 11.13281], "rotation": 90, "texture": "#0"},
				"east": {"uv": [6.57813, 9.13281, 6.77812, 11.13281], "rotation": 90, "texture": "#0"},
				"south": {"uv": [6.57813, 9.13281, 6.77812, 11.13281], "rotation": 90, "texture": "#0"},
				"west": {"uv": [6.57813, 9.13281, 6.77812, 11.13281], "rotation": 90, "texture": "#0"},
				"up": {"uv": [12.01563, 5.97656, 14.01563, 7.97656], "rotation": 180, "texture": "#0"},
				"down": {"uv": [8.77344, 12.875, 10.77344, 14.875], "texture": "#0"}
			}
		},
		{
			"from": [5.68544, 0, 14.67182],
			"to": [9.68544, 0.3, 18.67182],
			"rotation": {"angle": 0, "axis": "y", "origin": [7.68544, 0.15, 16.67182]},
			"faces": {
				"north": {"uv": [6.57813, 9.13281, 6.77812, 11.13281], "rotation": 90, "texture": "#0"},
				"east": {"uv": [6.57813, 9.13281, 6.77812, 11.13281], "rotation": 90, "texture": "#0"},
				"south": {"uv": [6.57813, 9.13281, 6.77812, 11.13281], "rotation": 90, "texture": "#0"},
				"west": {"uv": [6.57813, 9.13281, 6.77812, 11.13281], "rotation": 90, "texture": "#0"},
				"up": {"uv": [11.96094, 5.92188, 13.96094, 7.92188], "rotation": 270, "texture": "#0"},
				"down": {"uv": [8.77344, 12.875, 10.77344, 14.875], "texture": "#0"}
			}
		},
		{
			"from": [6.13602, 0, 6.50352],
			"to": [10.13602, 0.3, 10.50352],
			"rotation": {"angle": 0, "axis": "y", "origin": [10.11642, 0.175, 7.82406]},
			"faces": {
				"north": {"uv": [6.57813, 9.13281, 6.77812, 11.13281], "rotation": 90, "texture": "#0"},
				"east": {"uv": [6.57813, 9.13281, 6.77812, 11.13281], "rotation": 90, "texture": "#0"},
				"south": {"uv": [6.57813, 9.13281, 6.77812, 11.13281], "rotation": 90, "texture": "#0"},
				"west": {"uv": [6.57813, 9.13281, 6.77812, 11.13281], "rotation": 90, "texture": "#0"},
				"up": {"uv": [14, 3.97656, 16, 5.97656], "texture": "#0"},
				"down": {"uv": [8.77344, 12.875, 10.77344, 14.875], "texture": "#0"}
			}
		},
		{
			"from": [3.61258, 0, 13.2379],
			"to": [7.61258, 0.4, 17.2379],
			"rotation": {"angle": 22.5, "axis": "y", "origin": [5.8704, 0.2, 15.2379]},
			"faces": {
				"north": {"uv": [6.57813, 9.13281, 6.77812, 11.13281], "rotation": 90, "texture": "#0"},
				"east": {"uv": [6.57813, 9.13281, 6.77812, 11.13281], "rotation": 90, "texture": "#0"},
				"south": {"uv": [6.57813, 9.13281, 6.77812, 11.13281], "rotation": 90, "texture": "#0"},
				"west": {"uv": [6.57813, 9.13281, 6.77812, 11.13281], "rotation": 90, "texture": "#0"},
				"up": {"uv": [14, 4.00781, 16, 6.00781], "rotation": 90, "texture": "#0"},
				"down": {"uv": [8.77344, 12.875, 10.77344, 14.875], "texture": "#0"}
			}
		},
		{
			"from": [-0.61142, 0, 8.7187],
			"to": [3.38858, 0.3, 12.7187],
			"rotation": {"angle": -22.5, "axis": "y", "origin": [0.36196, 0.175, 10.05106]},
			"faces": {
				"north": {"uv": [6.57813, 9.13281, 6.77812, 11.13281], "rotation": 90, "texture": "#0"},
				"east": {"uv": [6.57813, 9.13281, 6.77812, 11.13281], "rotation": 90, "texture": "#0"},
				"south": {"uv": [6.57813, 9.13281, 6.77812, 11.13281], "rotation": 90, "texture": "#0"},
				"west": {"uv": [6.57813, 9.13281, 6.77812, 11.13281], "rotation": 90, "texture": "#0"},
				"up": {"uv": [11.96094, 5.92188, 13.96094, 7.92188], "rotation": 270, "texture": "#0"},
				"down": {"uv": [8.77344, 12.875, 10.77344, 14.875], "texture": "#0"}
			}
		},
		{
			"from": [-2.33102, 0, 7.04138],
			"to": [1.66898, 0.4, 11.04138],
			"rotation": {"angle": 22.5, "axis": "y", "origin": [0.36196, 0.175, 10.05106]},
			"faces": {
				"north": {"uv": [6.57813, 9.13281, 6.77812, 11.13281], "rotation": 90, "texture": "#0"},
				"east": {"uv": [6.57813, 9.13281, 6.77812, 11.13281], "rotation": 90, "texture": "#0"},
				"south": {"uv": [6.57813, 9.13281, 6.77812, 11.13281], "rotation": 90, "texture": "#0"},
				"west": {"uv": [6.57813, 9.13281, 6.77812, 11.13281], "rotation": 90, "texture": "#0"},
				"up": {"uv": [9.96094, 6.03906, 11.96094, 8.03906], "texture": "#0"},
				"down": {"uv": [8.77344, 12.875, 10.77344, 14.875], "texture": "#0"}
			}
		},
		{
			"from": [7.86546, 0, 9.11772],
			"to": [11.86546, 0.4, 13.11772],
			"rotation": {"angle": 0, "axis": "y", "origin": [10.11642, 0.175, 7.82406]},
			"faces": {
				"north": {"uv": [6.57813, 9.13281, 6.77812, 11.13281],