{
	"textures": {
		"1": "item/portal_items/portal_button/cube_button",
		"particle": "item/portal_items/portal_button/cube_button"
	},
	"elements": [
		{
			"name": "Voxels",
			"from": [4.02089, 0.82029, 22.58733],
			"to": [10.37912, 3.38469, 23.52313],
			"rotation": {"angle": -45, "axis": "x", "origin": [4.25001, 3.00249, 23.05523]},
			"faces": {
				"north": {"uv": [4.93751, 8.81251, 4.57813, 9.21876], "texture": "#1"},
				"east": {"uv": [4.93751, 8.81251, 4.57813, 9.21876], "texture": "#1"},
				"south": {"uv": [5.67189, 6.70314, 5.01563, 7.70314], "rotation": 270, "texture": "#1"},
				"west": {"uv": [4.93751, 8.81251, 4.57813, 9.21876], "texture": "#1"},
				"up": {"uv": [4.93751, 8.81251, 4.57813, 9.21876], "texture": "#1"},
				"down": {"uv": [4.93751, 8.81251, 4.57813, 9.21876], "texture": "#1"}
			}
		},
		{
			"name": "Voxels",
			"from": [3.42089, 0.82029, -7.92313],
			"to": [10.07912, 3.38469, -6.98733],
			"rotation": {"angle": 45, "axis": "x", "origin": [3.45001, 3.00249, -7.45523]},
			"faces": {
				"north": {"uv": [10.34376, 10.21877, 9.65626, 11.89065], "rotation": 270, "texture": "#1"},
				"east": {"uv": [9.81251, 11.09377, 9.57814, 11.18439], "rotation": 270, "texture": "#1"},
				"south": {"uv": [9.68751, 10.71877, 9.60939, 11.37189], "rotation": 270, "texture": "#1"},
				"west": {"uv": [4.57813, 8.81251, 4.65626, 9.21876], "texture": "#1"},
				"up": {"uv": [9.65626, 11.98439, 9.68751, 10.26564], "rotation": 270, "texture": "#1"},
				"down": {"uv": [9.68751, 10.71877, 9.60939, 11.37189], "rotation": 270, "texture": "#1"}
			}
		}
	],
	"display": {
		"thirdperson_righthand": {
			"translation": [0, 1.3913, 0],
			"scale": [0.2, 0.2, 0.2]
		},
		"thirdperson_lefthand": {
			"translation": [0, 1.3913, 0],
			"scale": [0.2, 0.2, 0.2]
		},
		"firstperson_righthand": {
			"rotation": [14, 17, 0],
			"translation": [6.2608, 0, -24.34]
		},
		"firstperson_lefthand": {
			"rotation": [14, 17, 0],
			"translation": [6.2608, 0, -24.34]
		},
		"gui": {
			"rotation": [42, 27, 0],
			"translation": [0, 0, 7.6521],
			"scale": [0.4, 0.4, 0.4]
		},
		"head": {
			"rotation": [-180, 67.5, -180],
			"translation": [-0.21, 6.54, -0.95]
		},
		"fixed": {
			"rotation": [-33, -47, 0],
			"scale": [0.5, 0.5, 0.5]
		}
	}
}