{
	"texture_size": [24, 24],
	"textures": {
		"0": "block/portal/floor_rubble_02",
		"particle": "block/portal/floor_rubble_02"
	},
	"elements": [
		{
			"from": [-2.70102, 0.18848, -2.04156],
			"to": [17.09898, 0.48848, 19.45844],
			"rotation": {"angle": 0, "axis": "y", "origin": [-13.70102, 0.18848, -15.14156]},
			"faces": {
				"north": {"uv": [4.13675, 8.2, 6.53675, 8.36667], "texture": "#0"},
				"east": {"uv": [4.13675, 8.2, 11.93675, 8.36667], "texture": "#0"},
				"south": {"uv": [4.13675, 8.2, 6.53675, 8.36667], "texture": "#0"},
				"west": {"uv": [4.5812, 8.2, 4.74786, 16], "rotation": 90, "texture": "#0"},
				"up": {"uv": [4.06837, 11.27693, 6.98119, 14.15385], "texture": "#0"}
			}
		},
		{
			"from": [6.24713, 0.31397, 15.9976],
			"to": [9.40413, 2.23969, 17.7196],
			"rotation": {"angle": 0, "axis": "y", "origin": [11.22863, 0.31397, 19.0726]},
			"faces": {
				"north": {"uv": [14.42735, 8.84786, 15.13048, 7.24786], "rotation": 270, "texture": "#0"},
				"east": {"uv": [14.42735, 8.1812, 15.13048, 7.24786], "rotation": 270, "texture": "#0"},
				"south": {"uv": [14.42735, 8.84786, 15.13048, 7.24786], "rotation": 270, "texture": "#0"},
				"west": {"uv": [14.42735, 8.1812, 15.13048, 7.24786], "rotation": 270, "texture": "#0"},
				"up": {"uv": [15.36068, 8.36923, 14.42735, 6.87179], "rotation": 270, "texture": "#0"}
			}
		},
		{
			"from": [13.2925, 0.31397, 5.19721],
			"to": [14.96261, 1.59266, 7.70141],
			"rotation": {"angle": 22.5, "axis": "y", "origin": [16.48506, 1.23647, 1.91945]},
			"faces": {
				"north": {"uv": [13.19658, 1.12821, 13.81116, 2.70008], "rotation": 270, "texture": "#0"},
				"east": {"uv": [13.19658, 1.12821, 13.81116, 3.15216], "rotation": 270, "texture": "#0"},
				"south": {"uv": [13.19658, 1.12821, 13.81116, 2.70008], "rotation": 270, "texture": "#0"},
				"west": {"uv": [13.19658, 1.12821, 13.81116, 3.15216], "rotation": 270, "texture": "#0"},
				"up": {"uv": [13.19658, 1.12821, 15.22054, 2.70008], "rotation": 270, "texture": "#0"}
			}
		},
		{
			"from": [-8.6075, 0.31397, -0.70279],
			"to": [-5.73739, 0.49266, 2.40141],
			"rotation": {"angle": 22.5, "axis": "y", "origin": [-4.21494, 1.23647, -3.38055]},
			"faces": {
				"north": {"uv": [13.19658, 1.12821, 13.81116, 2.70008], "rotation": 270, "texture": "#0"},
				"east": {"uv": [13.19658, 1.12821, 13.81116, 3.15216], "rotation": 270, "texture": "#0"},
				"south": {"uv": [13.19658, 1.12821, 13.81116, 2.70008], "rotation": 270, "texture": "#0"},
				"west": {"uv": [13.19658, 1.12821, 13.81116, 3.15216], "rotation": 270, "texture": "#0"},
				"up": {"uv": [12.8547, 0.88889, 13.68208, 1.60606], "rotation": 270, "texture": "#0"}
			}
		},
		{
			"from": [-5.3075, 0.31397, 16.89721],
			"to": [-3.63739, 0.49266, 19.40141],
			"rotation": {"angle": 22.5, "axis": "y", "origin": [-2.11494, 1.23647, 13.61945]},
			"faces": {
				"north": {"uv": [13.19658, 1.12821, 13.81116, 2.70008], "rotation": 270, "texture": "#0"},
				"east": {"uv": [13.19658, 1.12821, 13.81116, 3.15216], "rotation": 270, "texture": "#0"},
				"south": {"uv": [13.19658, 1.12821, 13.81116, 2.70008], "rotation": 270, "texture": "#0"},
				"west": {"uv": [13.19658, 1.12821, 13.81116, 3.15216], "rotation": 270, "texture": "#0"},
				"up": {"uv": [12.8547, 0.88889, 13.44276, 1.29837], "rotation": 270, "texture": "#0"}
			}
		},
		{
			"from": [15.5925, 0.31397, 16.89721],
			"to": [17.26261, 0.49266, 19.40141],
			"rotation": {"angle": 22.5, "axis": "y", "origin": [18.78506, 1.23647, 13.61945]},
			"faces": {
				"north": {"uv": [13.19658, 1.12821, 13.81116, 2.70008], "rotation": 270, "texture": "#0"},
				"east": {"uv": [13.19658, 1.12821, 13.81116, 3.15216], "rotation": 270, "texture": "#0"},
				"south": {"uv": [13.19658, 1.12821, 13.81116, 2.70008], "rotation": 270, "texture": "#0"},
				"west": {"uv": [13.19658, 1.12821, 13.81116, 3.15216], "rotation": 270, "texture": "#0"},
				"up": {"uv": [13.77778, 1.53847, 14.36584, 1.94794], "rotation": 270, "texture": "#0"}
			}
		},
		{
			"from": [14.6925, 0.31397, 2.19721],
			"to": [16.36261, 0.49266, 4.70141],
			"rotation": {"angle": 22.5, "axis": "y", "origin": [17.88506, 1.23647, -1.08055]},
			"faces": {
				"north": {"uv": [13.19658, 1.12821, 13.81116, 2.70008], "rotation": 270, "texture": "#0"},
				"east": {"uv": [13.19658, 1.12821, 13.81116, 3.15216], "rotation": 270, "texture": "#0"},
				"south": {"uv": [13.19658, 1.12821, 13.81116, 2.70008], "rotation": 270, "texture": "#0"},
				"west": {"uv": [13.19658, 1.12821, 13.81116, 3.15216], "rotation": 270, "texture": "#0"},
				"up": {"uv": [12.41026, 1.12821, 12.99832, 1.53769], "rotation": 270, "texture": "#0"}
			}
		},
		{
			"from": [16.60546, 0.31397, 5.25457],
			"to": [18.27557, 0.49266, 7.75877],
			"rotation": {"angle": 45, "axis": "y", "origin": [17.44051, 0.40332, 6.50667]},
			"faces": {
				"north": {"uv": [13.19658, 1.12821, 13.81116, 2.70008], "rotation": 270, "texture": "#0"},
				"east": {"uv": [13.19658, 1.12821, 13.81116, 3.15216], "rotation": 270, "texture": "#0"},
				"south": {"uv": [13.19658, 1.12821, 13.81116, 2.70008], "rotation": 270, "texture": "#0"},
				"west": {"uv": [13.19658, 1.12821, 13.81116, 3.15216], "rotation": 270, "texture": "#0"},
				"up": {"uv": [12.54701, 1.74359, 13.13507, 2.15307], "rotation": 270, "texture": "#0"}
			}
		},
		{
			"from": [0.8925, 0.31397, 6.89721],
			"to": [2.56261, 1.59266, 9.40141],
			"rotation": {"angle": 22.5, "axis": "y", "origin": [4.08506, 1.23647, 3.61945]},
			"faces": {
				"north": {"uv": [13.19658, 1.12821, 13.81116, 2.70008], "rotation": 270, "texture": "#0"},
				"east": {"uv": [13.19658, 1.12821, 13.81116, 3.15216], "rotation": 270, "texture": "#0"},
				"south": {"uv": [13.19658, 1.12821, 13.81116, 2.70008], "rotation": 270, "texture": "#0"},
				"west": {"uv": [13.19658, 1.12821, 13.81116, 3.15216], "rotation": 270, "texture": "#0"},
				"up": {"uv": [13.19658, 1.12821, 15.22054, 2.70008], "rotation": 270, "texture": "#0"}
			}
		},
		{
			"from": [0.11205, 0.51897, 17.52375],
			"to": [2.4686, 1.69196, 20.72175],
			"rotation": {"angle": 0, "axis": "y", "origin": [4.66305, 1.23647, 15.03947]},
			"faces": {
				"north": {"uv": [13.60684, 9.84615, 14.06257, 10.42585], "rotation": 270, "texture": "#0"},
				"east": {"uv": [13.60684, 9.84615, 14.06257, 10.71282], "rotation": 270, "texture": "#0"},
				"south": {"uv": [13.60684, 9.84615, 14.06257, 10.42585], "rotation": 270, "texture": "#0"},
				"west": {"uv": [13.7094, 11.00855, 14.16513, 11.87521], "rotation": 270, "texture": "#0"},
				"up": {"uv": [13.60684, 9.84615, 14.4735, 10.42585], "rotation": 270, "texture": "#0"}
			}
		},
		{
			"from": [3.65106, 0.34368, 8.09485],
			"to": [11.14106, 3.28216, 19.60485],
			"rotation": {"angle": 0, "axis": "y", "origin": [6.73506, 1.35808, 10.35885]},
			"faces": {
				"north": {"uv": [13.88034, 6.57458, 15.01368, 5.88034], "rotation": 180, "texture": "#0"},
				"east": {"uv": [12.10256, 2.26689, 13.96923, 1.57265], "rotation": 180, "texture": "#0"},
				"south": {"uv": [13.88034, 6.57458, 15.01368, 5.88034], "rotation": 180, "texture": "#0"},
				"west": {"uv": [13.88034, 6.57458, 15.74701, 5.88034], "rotation": 180, "texture": "#0"},
				"up": {"uv": [12.92308, 7.54188, 15.62906, 5.4359], "rotation": 90, "texture": "#0"}
			}
		},
		{
			"from": [8.65106, 0.34368, -0.70515],
			"to": [12.54106, 2.68216, 6.50485],
			"rotation": {"angle": 0, "axis": "y", "origin": [11.73506, 1.35808, -2.74115]},
			"faces": {
				"north": {"uv": [13.88034, 6.57458, 15.01368, 5.88034], "rotation": 180, "texture": "#0"},
				"east": {"uv": [12.10256, 2.26689, 13.96923, 1.57265], "rotation": 180, "texture": "#0"},
				"south": {"uv": [13.88034, 6.57458, 15.01368, 5.88034], "rotation": 180, "texture": "#0"},
				"west": {"uv": [13.88034, 6.57458, 15.74701, 5.88034], "rotation": 180, "texture": "#0"},
				"up": {"uv": [12.92308, 7.54188, 15.62906, 5.4359], "rotation": 90,